group_key,train_rows,cv_mae,skipped_reason
1,68,23366821.067307692,
2,68,23074540.35384616,
3,68,73719425.22307692,
4,68,16859096.022884615,
5,68,12094508.126153847,
